{
  "name": "jump",
  "loop": false,
  "speed": 1.0,
  "bones": {
    "bipedRightLeg": [
      [
        0,
        0,
        0
      ],
      [
        0.3,
        -0.7,
        0
      ],
      [
        1.0,
        0,
        0
      ]
    ],
    "bipedLeftLeg": [
      [
        0,
        0,
        0
      ],
      [
        0.3,
        -0.7,
        0
      ],
      [
        1.0,
        0,
        0
      ]
    ],
    "bipedRightArm": [
      [
        0,
        0,
        0
      ],
      [
        0.5,
        -0.2,
        0
      ],
      [
        1.0,
        0,
        0
      ]
    ],
    "bipedLeftArm": [
      [
        0,
        0,
        0
      ],
      [
        0.5,
        -0.2,
        0
      ],
      [
        1.0,
        0,
        0
      ]
    ]
  }
}