{
  "name": "run",
  "loop": true,
  "speed": 1.6,
  "bones": {
    "bipedBody": [
      [
        0,
        0,
        0
      ],
      [
        0.5,
        -0.3,
        0
      ],
      [
        1.0,
        -0.25,
        0
      ]
    ],
    "bipedRightLeg": [
      [
        0,
        -0.5,
        0
      ],
      [
        0.5,
        0.8,
        0
      ],
      [
        1.0,
        -0.5,
        0
      ]
    ],
    "bipedLeftLeg": [
      [
        0,
        0.8,
        0
      ],
      [
        0.5,
        -0.5,
        0
      ],
      [
        1.0,
        0.8,
        0
      ]
    ],
    "bipedRightArm": [
      [
        0,
        0.2,
        0
      ],
      [
        0.5,
        -0.6,
        0
      ],
      [
        1.0,
        0.2,
        0
      ]
    ],
    "bipedLeftArm": [
      [
        0,
        -0.6,
        0
      ],
      [
        0.5,
        0.2,
        0
      ],
      [
        1.0,
        -0.6,
        0
      ]
    ]
  }
}