{
  "name": "walk",
  "loop": true,
  "speed": 1.0,
  "bones": {
    "bipedRightLeg": [
      [
        0,
        -0.2,
        0
      ],
      [
        0.5,
        0.6,
        0
      ],
      [
        1.0,
        -0.2,
        0
      ]
    ],
    "bipedLeftLeg": [
      [
        0,
        0.6,
        0
      ],
      [
        0.5,
        -0.2,
        0
      ],
      [
        1.0,
        0.6,
        0
      ]
    ],
    "bipedRightArm": [
      [
        0,
        0.1,
        0
      ],
      [
        0.5,
        -0.4,
        0
      ],
      [
        1.0,
        0.1,
        0
      ]
    ],
    "bipedLeftArm": [
      [
        0,
        -0.4,
        0
      ],
      [
        0.5,
        0.1,
        0
      ],
      [
        1.0,
        -0.4,
        0
      ]
    ]
  }
}